Method,Name,Error,Occurrences
POST,/trainers/2361/pokemon/,HTTPError('500 Server Error: Internal Server Error for url: http://127.0.0.1:8000/trainers/2361/pokemon/'),1
POST,/trainers/2522/pokemon/,HTTPError('500 Server Error: Internal Server Error for url: http://127.0.0.1:8000/trainers/2522/pokemon/'),1
POST,/trainers/2525/pokemon/,HTTPError('500 Server Error: Internal Server Error for url: http://127.0.0.1:8000/trainers/2525/pokemon/'),1
POST,/trainers/2208/pokemon/,HTTPError('500 Server Error: Internal Server Error for url: http://127.0.0.1:8000/trainers/2208/pokemon/'),1
POST,/trainers/2527/pokemon/,HTTPError('500 Server Error: Internal Server Error for url: http://127.0.0.1:8000/trainers/2527/pokemon/'),1
POST,/trainers/2573/pokemon/,HTTPError('500 Server Error: Internal Server Error for url: http://127.0.0.1:8000/trainers/2573/pokemon/'),1
POST,/trainers/2518/pokemon/,HTTPError('500 Server Error: Internal Server Error for url: http://127.0.0.1:8000/trainers/2518/pokemon/'),1
POST,/trainers/2500/pokemon/,HTTPError('500 Server Error: Internal Server Error for url: http://127.0.0.1:8000/trainers/2500/pokemon/'),1
POST,/trainers/2248/pokemon/,HTTPError('500 Server Error: Internal Server Error for url: http://127.0.0.1:8000/trainers/2248/pokemon/'),1
POST,/trainers/2251/pokemon/,HTTPError('500 Server Error: Internal Server Error for url: http://127.0.0.1:8000/trainers/2251/pokemon/'),1
POST,/trainers/2155/pokemon/,HTTPError('500 Server Error: Internal Server Error for url: http://127.0.0.1:8000/trainers/2155/pokemon/'),1
POST,/trainers/2343/pokemon/,HTTPError('500 Server Error: Internal Server Error for url: http://127.0.0.1:8000/trainers/2343/pokemon/'),1
POST,/trainers/2419/pokemon/,HTTPError('500 Server Error: Internal Server Error for url: http://127.0.0.1:8000/trainers/2419/pokemon/'),1
POST,/trainers/2377/pokemon/,HTTPError('500 Server Error: Internal Server Error for url: http://127.0.0.1:8000/trainers/2377/pokemon/'),1
POST,/trainers/2133/pokemon/,HTTPError('500 Server Error: Internal Server Error for url: http://127.0.0.1:8000/trainers/2133/pokemon/'),1
POST,/trainers/2571/pokemon/,HTTPError('500 Server Error: Internal Server Error for url: http://127.0.0.1:8000/trainers/2571/pokemon/'),1
POST,/trainers/2501/pokemon/,HTTPError('500 Server Error: Internal Server Error for url: http://127.0.0.1:8000/trainers/2501/pokemon/'),1
POST,/trainers/2589/pokemon/,HTTPError('500 Server Error: Internal Server Error for url: http://127.0.0.1:8000/trainers/2589/pokemon/'),1
POST,/trainers/2238/pokemon/,HTTPError('500 Server Error: Internal Server Error for url: http://127.0.0.1:8000/trainers/2238/pokemon/'),1
POST,/trainers/2549/pokemon/,HTTPError('500 Server Error: Internal Server Error for url: http://127.0.0.1:8000/trainers/2549/pokemon/'),1
POST,/trainers/2189/pokemon/,HTTPError('500 Server Error: Internal Server Error for url: http://127.0.0.1:8000/trainers/2189/pokemon/'),1
POST,/trainers/2319/pokemon/,HTTPError('500 Server Error: Internal Server Error for url: http://127.0.0.1:8000/trainers/2319/pokemon/'),1
POST,/trainers/2276/pokemon/,HTTPError('500 Server Error: Internal Server Error for url: http://127.0.0.1:8000/trainers/2276/pokemon/'),1
POST,/trainers/2577/pokemon/,HTTPError('500 Server Error: Internal Server Error for url: http://127.0.0.1:8000/trainers/2577/pokemon/'),1
POST,/trainers/2359/pokemon/,HTTPError('500 Server Error: Internal Server Error for url: http://127.0.0.1:8000/trainers/2359/pokemon/'),1
POST,/trainers/2403/pokemon/,HTTPError('500 Server Error: Internal Server Error for url: http://127.0.0.1:8000/trainers/2403/pokemon/'),1
POST,/trainers/2123/pokemon/,HTTPError('500 Server Error: Internal Server Error for url: http://127.0.0.1:8000/trainers/2123/pokemon/'),1
POST,/trainers/2430/pokemon/,HTTPError('500 Server Error: Internal Server Error for url: http://127.0.0.1:8000/trainers/2430/pokemon/'),1
POST,/trainers/2150/pokemon/,HTTPError('500 Server Error: Internal Server Error for url: http://127.0.0.1:8000/trainers/2150/pokemon/'),1
POST,/trainers/2129/pokemon/,HTTPError('500 Server Error: Internal Server Error for url: http://127.0.0.1:8000/trainers/2129/pokemon/'),1
POST,/trainers/2244/pokemon/,HTTPError('500 Server Error: Internal Server Error for url: http://127.0.0.1:8000/trainers/2244/pokemon/'),1
POST,/trainers/2514/pokemon/,HTTPError('500 Server Error: Internal Server Error for url: http://127.0.0.1:8000/trainers/2514/pokemon/'),1
POST,/trainers/2491/pokemon/,HTTPError('500 Server Error: Internal Server Error for url: http://127.0.0.1:8000/trainers/2491/pokemon/'),1
POST,/trainers/2440/pokemon/,HTTPError('500 Server Error: Internal Server Error for url: http://127.0.0.1:8000/trainers/2440/pokemon/'),1
POST,/trainers/2429/pokemon/,HTTPError('500 Server Error: Internal Server Error for url: http://127.0.0.1:8000/trainers/2429/pokemon/'),1
POST,/trainers/2151/pokemon/,HTTPError('500 Server Error: Internal Server Error for url: http://127.0.0.1:8000/trainers/2151/pokemon/'),1
POST,/trainers/2520/pokemon/,HTTPError('500 Server Error: Internal Server Error for url: http://127.0.0.1:8000/trainers/2520/pokemon/'),1
POST,/trainers/2149/pokemon/,HTTPError('500 Server Error: Internal Server Error for url: http://127.0.0.1:8000/trainers/2149/pokemon/'),1
POST,/trainers/2119/pokemon/,HTTPError('500 Server Error: Internal Server Error for url: http://127.0.0.1:8000/trainers/2119/pokemon/'),1
POST,/trainers/2462/pokemon/,HTTPError('500 Server Error: Internal Server Error for url: http://127.0.0.1:8000/trainers/2462/pokemon/'),1
POST,/trainers/2344/pokemon/,HTTPError('500 Server Error: Internal Server Error for url: http://127.0.0.1:8000/trainers/2344/pokemon/'),1
POST,/trainers/2472/pokemon/,HTTPError('500 Server Error: Internal Server Error for url: http://127.0.0.1:8000/trainers/2472/pokemon/'),1
POST,/trainers/2089/pokemon/,HTTPError('500 Server Error: Internal Server Error for url: http://127.0.0.1:8000/trainers/2089/pokemon/'),1
POST,/trainers/2178/pokemon/,HTTPError('500 Server Error: Internal Server Error for url: http://127.0.0.1:8000/trainers/2178/pokemon/'),1
POST,/trainers/2391/pokemon/,HTTPError('500 Server Error: Internal Server Error for url: http://127.0.0.1:8000/trainers/2391/pokemon/'),1
POST,/trainers/2385/pokemon/,HTTPError('500 Server Error: Internal Server Error for url: http://127.0.0.1:8000/trainers/2385/pokemon/'),1
POST,/trainers/2306/pokemon/,HTTPError('500 Server Error: Internal Server Error for url: http://127.0.0.1:8000/trainers/2306/pokemon/'),1
POST,/trainers/2164/pokemon/,HTTPError('500 Server Error: Internal Server Error for url: http://127.0.0.1:8000/trainers/2164/pokemon/'),1
POST,/trainers/2154/pokemon/,HTTPError('500 Server Error: Internal Server Error for url: http://127.0.0.1:8000/trainers/2154/pokemon/'),1
POST,/trainers/2414/pokemon/,HTTPError('500 Server Error: Internal Server Error for url: http://127.0.0.1:8000/trainers/2414/pokemon/'),1
POST,/trainers/2539/pokemon/,HTTPError('500 Server Error: Internal Server Error for url: http://127.0.0.1:8000/trainers/2539/pokemon/'),1
POST,/trainers/2223/pokemon/,HTTPError('500 Server Error: Internal Server Error for url: http://127.0.0.1:8000/trainers/2223/pokemon/'),1
POST,/trainers/1995/pokemon/,HTTPError('500 Server Error: Internal Server Error for url: http://127.0.0.1:8000/trainers/1995/pokemon/'),1
POST,/trainers/2454/pokemon/,HTTPError('500 Server Error: Internal Server Error for url: http://127.0.0.1:8000/trainers/2454/pokemon/'),1
POST,/trainers/2109/pokemon/,HTTPError('500 Server Error: Internal Server Error for url: http://127.0.0.1:8000/trainers/2109/pokemon/'),1
POST,/trainers/2335/pokemon/,HTTPError('500 Server Error: Internal Server Error for url: http://127.0.0.1:8000/trainers/2335/pokemon/'),1
POST,/trainers/2292/pokemon/,HTTPError('500 Server Error: Internal Server Error for url: http://127.0.0.1:8000/trainers/2292/pokemon/'),1
POST,/trainers/2349/pokemon/,HTTPError('500 Server Error: Internal Server Error for url: http://127.0.0.1:8000/trainers/2349/pokemon/'),1
POST,/trainers/2195/pokemon/,HTTPError('500 Server Error: Internal Server Error for url: http://127.0.0.1:8000/trainers/2195/pokemon/'),1
POST,/trainers/2564/pokemon/,HTTPError('500 Server Error: Internal Server Error for url: http://127.0.0.1:8000/trainers/2564/pokemon/'),1
POST,/trainers/2587/pokemon/,HTTPError('500 Server Error: Internal Server Error for url: http://127.0.0.1:8000/trainers/2587/pokemon/'),1
POST,/trainers/2382/pokemon/,HTTPError('500 Server Error: Internal Server Error for url: http://127.0.0.1:8000/trainers/2382/pokemon/'),1
POST,/trainers/2604/pokemon/,HTTPError('500 Server Error: Internal Server Error for url: http://127.0.0.1:8000/trainers/2604/pokemon/'),1
POST,/trainers/2586/pokemon/,HTTPError('500 Server Error: Internal Server Error for url: http://127.0.0.1:8000/trainers/2586/pokemon/'),1
POST,/trainers/2245/pokemon/,HTTPError('500 Server Error: Internal Server Error for url: http://127.0.0.1:8000/trainers/2245/pokemon/'),1
POST,/trainers/2373/pokemon/,HTTPError('500 Server Error: Internal Server Error for url: http://127.0.0.1:8000/trainers/2373/pokemon/'),1
POST,/trainers/2557/pokemon/,HTTPError('500 Server Error: Internal Server Error for url: http://127.0.0.1:8000/trainers/2557/pokemon/'),1
POST,/trainers/2509/pokemon/,HTTPError('500 Server Error: Internal Server Error for url: http://127.0.0.1:8000/trainers/2509/pokemon/'),1
POST,/trainers/2217/pokemon/,HTTPError('500 Server Error: Internal Server Error for url: http://127.0.0.1:8000/trainers/2217/pokemon/'),1
POST,/trainers/2550/pokemon/,HTTPError('500 Server Error: Internal Server Error for url: http://127.0.0.1:8000/trainers/2550/pokemon/'),1
POST,/trainers/2279/pokemon/,HTTPError('500 Server Error: Internal Server Error for url: http://127.0.0.1:8000/trainers/2279/pokemon/'),1
POST,/trainers/2453/pokemon/,HTTPError('500 Server Error: Internal Server Error for url: http://127.0.0.1:8000/trainers/2453/pokemon/'),1
POST,/trainers/2581/pokemon/,HTTPError('500 Server Error: Internal Server Error for url: http://127.0.0.1:8000/trainers/2581/pokemon/'),1
POST,/trainers/2174/pokemon/,HTTPError('500 Server Error: Internal Server Error for url: http://127.0.0.1:8000/trainers/2174/pokemon/'),1
POST,/trainers/2256/pokemon/,HTTPError('500 Server Error: Internal Server Error for url: http://127.0.0.1:8000/trainers/2256/pokemon/'),1
POST,/trainers/2482/pokemon/,HTTPError('500 Server Error: Internal Server Error for url: http://127.0.0.1:8000/trainers/2482/pokemon/'),1
POST,/trainers/2071/pokemon/,HTTPError('500 Server Error: Internal Server Error for url: http://127.0.0.1:8000/trainers/2071/pokemon/'),1
POST,/trainers/2560/pokemon/,HTTPError('500 Server Error: Internal Server Error for url: http://127.0.0.1:8000/trainers/2560/pokemon/'),1
POST,/trainers/2561/pokemon/,HTTPError('500 Server Error: Internal Server Error for url: http://127.0.0.1:8000/trainers/2561/pokemon/'),1
POST,/trainers/2480/pokemon/,HTTPError('500 Server Error: Internal Server Error for url: http://127.0.0.1:8000/trainers/2480/pokemon/'),1
POST,/trainers/2362/pokemon/,HTTPError('500 Server Error: Internal Server Error for url: http://127.0.0.1:8000/trainers/2362/pokemon/'),1
POST,/trainers/2380/pokemon/,HTTPError('500 Server Error: Internal Server Error for url: http://127.0.0.1:8000/trainers/2380/pokemon/'),1
POST,/trainers/2106/pokemon/,HTTPError('500 Server Error: Internal Server Error for url: http://127.0.0.1:8000/trainers/2106/pokemon/'),1
POST,/trainers/2219/pokemon/,HTTPError('500 Server Error: Internal Server Error for url: http://127.0.0.1:8000/trainers/2219/pokemon/'),1
POST,/trainers/2505/pokemon/,HTTPError('500 Server Error: Internal Server Error for url: http://127.0.0.1:8000/trainers/2505/pokemon/'),1
POST,/trainers/2566/pokemon/,HTTPError('500 Server Error: Internal Server Error for url: http://127.0.0.1:8000/trainers/2566/pokemon/'),1
POST,/trainers/2477/pokemon/,HTTPError('500 Server Error: Internal Server Error for url: http://127.0.0.1:8000/trainers/2477/pokemon/'),1
POST,/trainers/2394/pokemon/,HTTPError('500 Server Error: Internal Server Error for url: http://127.0.0.1:8000/trainers/2394/pokemon/'),1
POST,/trainers/2576/pokemon/,HTTPError('500 Server Error: Internal Server Error for url: http://127.0.0.1:8000/trainers/2576/pokemon/'),1
POST,/trainers/2603/pokemon/,HTTPError('500 Server Error: Internal Server Error for url: http://127.0.0.1:8000/trainers/2603/pokemon/'),1
POST,/trainers/2302/pokemon/,HTTPError('500 Server Error: Internal Server Error for url: http://127.0.0.1:8000/trainers/2302/pokemon/'),1
POST,/trainers/2396/pokemon/,HTTPError('500 Server Error: Internal Server Error for url: http://127.0.0.1:8000/trainers/2396/pokemon/'),1
POST,/trainers/2365/pokemon/,HTTPError('500 Server Error: Internal Server Error for url: http://127.0.0.1:8000/trainers/2365/pokemon/'),1
POST,/trainers/2443/pokemon/,HTTPError('500 Server Error: Internal Server Error for url: http://127.0.0.1:8000/trainers/2443/pokemon/'),1
POST,/trainers/2467/pokemon/,HTTPError('500 Server Error: Internal Server Error for url: http://127.0.0.1:8000/trainers/2467/pokemon/'),1
POST,/trainers/2431/pokemon/,HTTPError('500 Server Error: Internal Server Error for url: http://127.0.0.1:8000/trainers/2431/pokemon/'),1
POST,/trainers/2299/pokemon/,HTTPError('500 Server Error: Internal Server Error for url: http://127.0.0.1:8000/trainers/2299/pokemon/'),1
POST,/trainers/2469/pokemon/,HTTPError('500 Server Error: Internal Server Error for url: http://127.0.0.1:8000/trainers/2469/pokemon/'),1
POST,/trainers/2167/pokemon/,HTTPError('500 Server Error: Internal Server Error for url: http://127.0.0.1:8000/trainers/2167/pokemon/'),1
POST,/trainers/2553/pokemon/,HTTPError('500 Server Error: Internal Server Error for url: http://127.0.0.1:8000/trainers/2553/pokemon/'),1
POST,/trainers/2424/pokemon/,HTTPError('500 Server Error: Internal Server Error for url: http://127.0.0.1:8000/trainers/2424/pokemon/'),1
POST,/trainers/2246/pokemon/,HTTPError('500 Server Error: Internal Server Error for url: http://127.0.0.1:8000/trainers/2246/pokemon/'),1
POST,/trainers/2166/pokemon/,HTTPError('500 Server Error: Internal Server Error for url: http://127.0.0.1:8000/trainers/2166/pokemon/'),1
POST,/trainers/2099/pokemon/,HTTPError('500 Server Error: Internal Server Error for url: http://127.0.0.1:8000/trainers/2099/pokemon/'),1
POST,/trainers/2281/pokemon/,HTTPError('500 Server Error: Internal Server Error for url: http://127.0.0.1:8000/trainers/2281/pokemon/'),1
POST,/trainers/2427/pokemon/,HTTPError('500 Server Error: Internal Server Error for url: http://127.0.0.1:8000/trainers/2427/pokemon/'),1
POST,/trainers/2578/pokemon/,HTTPError('500 Server Error: Internal Server Error for url: http://127.0.0.1:8000/trainers/2578/pokemon/'),1
POST,/trainers/2158/pokemon/,HTTPError('500 Server Error: Internal Server Error for url: http://127.0.0.1:8000/trainers/2158/pokemon/'),1
POST,/trainers/2257/pokemon/,HTTPError('500 Server Error: Internal Server Error for url: http://127.0.0.1:8000/trainers/2257/pokemon/'),1
POST,/trainers/2397/pokemon/,HTTPError('500 Server Error: Internal Server Error for url: http://127.0.0.1:8000/trainers/2397/pokemon/'),1
POST,/trainers/2582/pokemon/,HTTPError('500 Server Error: Internal Server Error for url: http://127.0.0.1:8000/trainers/2582/pokemon/'),1
POST,/trainers/2400/pokemon/,HTTPError('500 Server Error: Internal Server Error for url: http://127.0.0.1:8000/trainers/2400/pokemon/'),1
POST,/trainers/2043/pokemon/,HTTPError('500 Server Error: Internal Server Error for url: http://127.0.0.1:8000/trainers/2043/pokemon/'),1
POST,/trainers/2609/pokemon/,HTTPError('500 Server Error: Internal Server Error for url: http://127.0.0.1:8000/trainers/2609/pokemon/'),1
POST,/trainers/2266/pokemon/,HTTPError('500 Server Error: Internal Server Error for url: http://127.0.0.1:8000/trainers/2266/pokemon/'),1
POST,/trainers/2536/pokemon/,HTTPError('500 Server Error: Internal Server Error for url: http://127.0.0.1:8000/trainers/2536/pokemon/'),1
POST,/trainers/2104/pokemon/,HTTPError('500 Server Error: Internal Server Error for url: http://127.0.0.1:8000/trainers/2104/pokemon/'),1
POST,/trainers/2220/pokemon/,HTTPError('500 Server Error: Internal Server Error for url: http://127.0.0.1:8000/trainers/2220/pokemon/'),1
POST,/trainers/2322/pokemon/,HTTPError('500 Server Error: Internal Server Error for url: http://127.0.0.1:8000/trainers/2322/pokemon/'),1
POST,/trainers/2530/pokemon/,HTTPError('500 Server Error: Internal Server Error for url: http://127.0.0.1:8000/trainers/2530/pokemon/'),1
POST,/trainers/2333/pokemon/,HTTPError('500 Server Error: Internal Server Error for url: http://127.0.0.1:8000/trainers/2333/pokemon/'),1
POST,/trainers/2411/pokemon/,HTTPError('500 Server Error: Internal Server Error for url: http://127.0.0.1:8000/trainers/2411/pokemon/'),1
POST,/trainers/2275/pokemon/,HTTPError('500 Server Error: Internal Server Error for url: http://127.0.0.1:8000/trainers/2275/pokemon/'),1
POST,/trainers/2486/pokemon/,HTTPError('500 Server Error: Internal Server Error for url: http://127.0.0.1:8000/trainers/2486/pokemon/'),1
POST,/trainers/2591/pokemon/,HTTPError('500 Server Error: Internal Server Error for url: http://127.0.0.1:8000/trainers/2591/pokemon/'),1
POST,/trainers/2310/pokemon/,HTTPError('500 Server Error: Internal Server Error for url: http://127.0.0.1:8000/trainers/2310/pokemon/'),1
POST,/trainers/2420/pokemon/,HTTPError('500 Server Error: Internal Server Error for url: http://127.0.0.1:8000/trainers/2420/pokemon/'),1
POST,/trainers/2278/pokemon/,HTTPError('500 Server Error: Internal Server Error for url: http://127.0.0.1:8000/trainers/2278/pokemon/'),1
POST,/trainers/2313/pokemon/,HTTPError('500 Server Error: Internal Server Error for url: http://127.0.0.1:8000/trainers/2313/pokemon/'),1
POST,/trainers/2097/pokemon/,HTTPError('500 Server Error: Internal Server Error for url: http://127.0.0.1:8000/trainers/2097/pokemon/'),1
POST,/trainers/2512/pokemon/,HTTPError('500 Server Error: Internal Server Error for url: http://127.0.0.1:8000/trainers/2512/pokemon/'),1
POST,/trainers/2132/pokemon/,HTTPError('500 Server Error: Internal Server Error for url: http://127.0.0.1:8000/trainers/2132/pokemon/'),1
POST,/trainers/1947/pokemon/,HTTPError('500 Server Error: Internal Server Error for url: http://127.0.0.1:8000/trainers/1947/pokemon/'),1
POST,/trainers/2201/pokemon/,HTTPError('500 Server Error: Internal Server Error for url: http://127.0.0.1:8000/trainers/2201/pokemon/'),1
POST,/trainers/2148/pokemon/,HTTPError('500 Server Error: Internal Server Error for url: http://127.0.0.1:8000/trainers/2148/pokemon/'),1
POST,/trainers/2388/pokemon/,HTTPError('500 Server Error: Internal Server Error for url: http://127.0.0.1:8000/trainers/2388/pokemon/'),1
POST,/trainers/2570/pokemon/,HTTPError('500 Server Error: Internal Server Error for url: http://127.0.0.1:8000/trainers/2570/pokemon/'),1
POST,/trainers/2533/pokemon/,HTTPError('500 Server Error: Internal Server Error for url: http://127.0.0.1:8000/trainers/2533/pokemon/'),1
POST,/trainers/2370/pokemon/,HTTPError('500 Server Error: Internal Server Error for url: http://127.0.0.1:8000/trainers/2370/pokemon/'),1
POST,/trainers/2542/pokemon/,HTTPError('500 Server Error: Internal Server Error for url: http://127.0.0.1:8000/trainers/2542/pokemon/'),1
POST,/trainers/2456/pokemon/,HTTPError('500 Server Error: Internal Server Error for url: http://127.0.0.1:8000/trainers/2456/pokemon/'),1
POST,/trainers/2360/pokemon/,HTTPError('500 Server Error: Internal Server Error for url: http://127.0.0.1:8000/trainers/2360/pokemon/'),1
POST,/trainers/2425/pokemon/,HTTPError('500 Server Error: Internal Server Error for url: http://127.0.0.1:8000/trainers/2425/pokemon/'),1
POST,/trainers/2393/pokemon/,HTTPError('500 Server Error: Internal Server Error for url: http://127.0.0.1:8000/trainers/2393/pokemon/'),1
POST,/trainers/2494/pokemon/,HTTPError('500 Server Error: Internal Server Error for url: http://127.0.0.1:8000/trainers/2494/pokemon/'),1
POST,/trainers/2508/pokemon/,HTTPError('500 Server Error: Internal Server Error for url: http://127.0.0.1:8000/trainers/2508/pokemon/'),1
POST,/trainers/2268/pokemon/,HTTPError('500 Server Error: Internal Server Error for url: http://127.0.0.1:8000/trainers/2268/pokemon/'),1
POST,/trainers/2457/pokemon/,HTTPError('500 Server Error: Internal Server Error for url: http://127.0.0.1:8000/trainers/2457/pokemon/'),1
POST,/trainers/2409/pokemon/,HTTPError('500 Server Error: Internal Server Error for url: http://127.0.0.1:8000/trainers/2409/pokemon/'),1
POST,/trainers/2205/pokemon/,HTTPError('500 Server Error: Internal Server Error for url: http://127.0.0.1:8000/trainers/2205/pokemon/'),1
POST,/trainers/2136/pokemon/,HTTPError('500 Server Error: Internal Server Error for url: http://127.0.0.1:8000/trainers/2136/pokemon/'),1
POST,/trainers/2237/pokemon/,HTTPError('500 Server Error: Internal Server Error for url: http://127.0.0.1:8000/trainers/2237/pokemon/'),1
POST,/trainers/2438/pokemon/,HTTPError('500 Server Error: Internal Server Error for url: http://127.0.0.1:8000/trainers/2438/pokemon/'),1
POST,/trainers/2190/pokemon/,HTTPError('500 Server Error: Internal Server Error for url: http://127.0.0.1:8000/trainers/2190/pokemon/'),1
POST,/trainers/2401/pokemon/,HTTPError('500 Server Error: Internal Server Error for url: http://127.0.0.1:8000/trainers/2401/pokemon/'),1
POST,/trainers/2232/pokemon/,HTTPError('500 Server Error: Internal Server Error for url: http://127.0.0.1:8000/trainers/2232/pokemon/'),1
POST,/trainers/2541/pokemon/,HTTPError('500 Server Error: Internal Server Error for url: http://127.0.0.1:8000/trainers/2541/pokemon/'),1
POST,/trainers/2496/pokemon/,HTTPError('500 Server Error: Internal Server Error for url: http://127.0.0.1:8000/trainers/2496/pokemon/'),1
POST,/trainers/2402/pokemon/,HTTPError('500 Server Error: Internal Server Error for url: http://127.0.0.1:8000/trainers/2402/pokemon/'),1
POST,/trainers/2341/pokemon/,HTTPError('500 Server Error: Internal Server Error for url: http://127.0.0.1:8000/trainers/2341/pokemon/'),1
POST,/trainers/2466/pokemon/,HTTPError('500 Server Error: Internal Server Error for url: http://127.0.0.1:8000/trainers/2466/pokemon/'),1
POST,/trainers/2196/pokemon/,HTTPError('500 Server Error: Internal Server Error for url: http://127.0.0.1:8000/trainers/2196/pokemon/'),1
POST,/trainers/2236/pokemon/,HTTPError('500 Server Error: Internal Server Error for url: http://127.0.0.1:8000/trainers/2236/pokemon/'),1
POST,/trainers/2517/pokemon/,HTTPError('500 Server Error: Internal Server Error for url: http://127.0.0.1:8000/trainers/2517/pokemon/'),1
POST,/trainers/2161/pokemon/,HTTPError('500 Server Error: Internal Server Error for url: http://127.0.0.1:8000/trainers/2161/pokemon/'),1
POST,/trainers/2389/pokemon/,HTTPError('500 Server Error: Internal Server Error for url: http://127.0.0.1:8000/trainers/2389/pokemon/'),1
POST,/trainers/2330/pokemon/,HTTPError('500 Server Error: Internal Server Error for url: http://127.0.0.1:8000/trainers/2330/pokemon/'),1
POST,/trainers/2460/pokemon/,HTTPError('500 Server Error: Internal Server Error for url: http://127.0.0.1:8000/trainers/2460/pokemon/'),1
POST,/trainers/2039/pokemon/,HTTPError('500 Server Error: Internal Server Error for url: http://127.0.0.1:8000/trainers/2039/pokemon/'),1
POST,/trainers/2551/pokemon/,HTTPError('500 Server Error: Internal Server Error for url: http://127.0.0.1:8000/trainers/2551/pokemon/'),1
POST,/trainers/2258/pokemon/,HTTPError('500 Server Error: Internal Server Error for url: http://127.0.0.1:8000/trainers/2258/pokemon/'),1
POST,/trainers/2211/pokemon/,HTTPError('500 Server Error: Internal Server Error for url: http://127.0.0.1:8000/trainers/2211/pokemon/'),1
POST,/trainers/2458/pokemon/,HTTPError('500 Server Error: Internal Server Error for url: http://127.0.0.1:8000/trainers/2458/pokemon/'),1
POST,/trainers/2240/pokemon/,HTTPError('500 Server Error: Internal Server Error for url: http://127.0.0.1:8000/trainers/2240/pokemon/'),1
POST,/trainers/,HTTPError('500 Server Error: Internal Server Error for url: http://127.0.0.1:8000/trainers/'),529
POST,/trainers/2562/pokemon/,HTTPError('500 Server Error: Internal Server Error for url: http://127.0.0.1:8000/trainers/2562/pokemon/'),1
POST,/trainers/2434/pokemon/,HTTPError('500 Server Error: Internal Server Error for url: http://127.0.0.1:8000/trainers/2434/pokemon/'),1
POST,/trainers/2567/pokemon/,HTTPError('500 Server Error: Internal Server Error for url: http://127.0.0.1:8000/trainers/2567/pokemon/'),1
POST,/trainers/2451/pokemon/,HTTPError('500 Server Error: Internal Server Error for url: http://127.0.0.1:8000/trainers/2451/pokemon/'),1
POST,/trainers/2076/pokemon/,HTTPError('500 Server Error: Internal Server Error for url: http://127.0.0.1:8000/trainers/2076/pokemon/'),1
POST,/trainers/2156/pokemon/,HTTPError('500 Server Error: Internal Server Error for url: http://127.0.0.1:8000/trainers/2156/pokemon/'),1
POST,/trainers/2228/pokemon/,HTTPError('500 Server Error: Internal Server Error for url: http://127.0.0.1:8000/trainers/2228/pokemon/'),1
POST,/trainers/2203/pokemon/,HTTPError('500 Server Error: Internal Server Error for url: http://127.0.0.1:8000/trainers/2203/pokemon/'),1
POST,/trainers/2234/pokemon/,HTTPError('500 Server Error: Internal Server Error for url: http://127.0.0.1:8000/trainers/2234/pokemon/'),1
POST,/trainers/2446/pokemon/,HTTPError('500 Server Error: Internal Server Error for url: http://127.0.0.1:8000/trainers/2446/pokemon/'),1
POST,/trainers/2523/pokemon/,HTTPError('500 Server Error: Internal Server Error for url: http://127.0.0.1:8000/trainers/2523/pokemon/'),1
POST,/trainers/2243/pokemon/,HTTPError('500 Server Error: Internal Server Error for url: http://127.0.0.1:8000/trainers/2243/pokemon/'),1
POST,/trainers/2583/pokemon/,HTTPError('500 Server Error: Internal Server Error for url: http://127.0.0.1:8000/trainers/2583/pokemon/'),1
POST,/trainers/2548/pokemon/,HTTPError('500 Server Error: Internal Server Error for url: http://127.0.0.1:8000/trainers/2548/pokemon/'),1
POST,/trainers/2399/pokemon/,HTTPError('500 Server Error: Internal Server Error for url: http://127.0.0.1:8000/trainers/2399/pokemon/'),1
POST,/trainers/2524/pokemon/,HTTPError('500 Server Error: Internal Server Error for url: http://127.0.0.1:8000/trainers/2524/pokemon/'),1
POST,/trainers/2464/pokemon/,HTTPError('500 Server Error: Internal Server Error for url: http://127.0.0.1:8000/trainers/2464/pokemon/'),1
POST,/trainers/2366/pokemon/,HTTPError('500 Server Error: Internal Server Error for url: http://127.0.0.1:8000/trainers/2366/pokemon/'),1
POST,/trainers/2421/pokemon/,HTTPError('500 Server Error: Internal Server Error for url: http://127.0.0.1:8000/trainers/2421/pokemon/'),1
POST,/trainers/2213/pokemon/,HTTPError('500 Server Error: Internal Server Error for url: http://127.0.0.1:8000/trainers/2213/pokemon/'),1
POST,/trainers/2305/pokemon/,HTTPError('500 Server Error: Internal Server Error for url: http://127.0.0.1:8000/trainers/2305/pokemon/'),1
POST,/trainers/2087/pokemon/,HTTPError('500 Server Error: Internal Server Error for url: http://127.0.0.1:8000/trainers/2087/pokemon/'),1
POST,/trainers/2555/pokemon/,HTTPError('500 Server Error: Internal Server Error for url: http://127.0.0.1:8000/trainers/2555/pokemon/'),1
POST,/trainers/2296/pokemon/,HTTPError('500 Server Error: Internal Server Error for url: http://127.0.0.1:8000/trainers/2296/pokemon/'),1
POST,/trainers/2117/pokemon/,HTTPError('500 Server Error: Internal Server Error for url: http://127.0.0.1:8000/trainers/2117/pokemon/'),1
POST,/trainers/2272/pokemon/,HTTPError('500 Server Error: Internal Server Error for url: http://127.0.0.1:8000/trainers/2272/pokemon/'),1
POST,/trainers/2357/pokemon/,HTTPError('500 Server Error: Internal Server Error for url: http://127.0.0.1:8000/trainers/2357/pokemon/'),1
POST,/trainers/2338/pokemon/,HTTPError('500 Server Error: Internal Server Error for url: http://127.0.0.1:8000/trainers/2338/pokemon/'),1
POST,/trainers/2368/pokemon/,HTTPError('500 Server Error: Internal Server Error for url: http://127.0.0.1:8000/trainers/2368/pokemon/'),1
POST,/trainers/2497/pokemon/,HTTPError('500 Server Error: Internal Server Error for url: http://127.0.0.1:8000/trainers/2497/pokemon/'),1
POST,/trainers/2301/pokemon/,HTTPError('500 Server Error: Internal Server Error for url: http://127.0.0.1:8000/trainers/2301/pokemon/'),1
POST,/trainers/2529/pokemon/,HTTPError('500 Server Error: Internal Server Error for url: http://127.0.0.1:8000/trainers/2529/pokemon/'),1
POST,/trainers/2598/pokemon/,HTTPError('500 Server Error: Internal Server Error for url: http://127.0.0.1:8000/trainers/2598/pokemon/'),1
POST,/trainers/2317/pokemon/,HTTPError('500 Server Error: Internal Server Error for url: http://127.0.0.1:8000/trainers/2317/pokemon/'),1
POST,/trainers/2250/pokemon/,HTTPError('500 Server Error: Internal Server Error for url: http://127.0.0.1:8000/trainers/2250/pokemon/'),1
POST,/trainers/2142/pokemon/,HTTPError('500 Server Error: Internal Server Error for url: http://127.0.0.1:8000/trainers/2142/pokemon/'),1
POST,/trainers/2347/pokemon/,HTTPError('500 Server Error: Internal Server Error for url: http://127.0.0.1:8000/trainers/2347/pokemon/'),1
POST,/trainers/2289/pokemon/,HTTPError('500 Server Error: Internal Server Error for url: http://127.0.0.1:8000/trainers/2289/pokemon/'),1
POST,/trainers/2260/pokemon/,HTTPError('500 Server Error: Internal Server Error for url: http://127.0.0.1:8000/trainers/2260/pokemon/'),1
POST,/trainers/2122/pokemon/,HTTPError('500 Server Error: Internal Server Error for url: http://127.0.0.1:8000/trainers/2122/pokemon/'),1
POST,/trainers/2342/pokemon/,HTTPError('500 Server Error: Internal Server Error for url: http://127.0.0.1:8000/trainers/2342/pokemon/'),1
POST,/trainers/2473/pokemon/,HTTPError('500 Server Error: Internal Server Error for url: http://127.0.0.1:8000/trainers/2473/pokemon/'),1
POST,/trainers/2383/pokemon/,HTTPError('500 Server Error: Internal Server Error for url: http://127.0.0.1:8000/trainers/2383/pokemon/'),1
POST,/trainers/2308/pokemon/,HTTPError('500 Server Error: Internal Server Error for url: http://127.0.0.1:8000/trainers/2308/pokemon/'),1
POST,/trainers/2336/pokemon/,HTTPError('500 Server Error: Internal Server Error for url: http://127.0.0.1:8000/trainers/2336/pokemon/'),1
POST,/trainers/2433/pokemon/,HTTPError('500 Server Error: Internal Server Error for url: http://127.0.0.1:8000/trainers/2433/pokemon/'),1
POST,/trainers/2407/pokemon/,HTTPError('500 Server Error: Internal Server Error for url: http://127.0.0.1:8000/trainers/2407/pokemon/'),1
POST,/trainers/2332/pokemon/,HTTPError('500 Server Error: Internal Server Error for url: http://127.0.0.1:8000/trainers/2332/pokemon/'),1
POST,/trainers/2062/pokemon/,HTTPError('500 Server Error: Internal Server Error for url: http://127.0.0.1:8000/trainers/2062/pokemon/'),1
POST,/trainers/2528/pokemon/,HTTPError('500 Server Error: Internal Server Error for url: http://127.0.0.1:8000/trainers/2528/pokemon/'),1
POST,/trainers/2404/pokemon/,HTTPError('500 Server Error: Internal Server Error for url: http://127.0.0.1:8000/trainers/2404/pokemon/'),1
POST,/trainers/2197/pokemon/,HTTPError('500 Server Error: Internal Server Error for url: http://127.0.0.1:8000/trainers/2197/pokemon/'),1
POST,/trainers/2552/pokemon/,HTTPError('500 Server Error: Internal Server Error for url: http://127.0.0.1:8000/trainers/2552/pokemon/'),1
POST,/trainers/2288/pokemon/,HTTPError('500 Server Error: Internal Server Error for url: http://127.0.0.1:8000/trainers/2288/pokemon/'),1
POST,/trainers/2493/pokemon/,HTTPError('500 Server Error: Internal Server Error for url: http://127.0.0.1:8000/trainers/2493/pokemon/'),1
POST,/trainers/2545/pokemon/,HTTPError('500 Server Error: Internal Server Error for url: http://127.0.0.1:8000/trainers/2545/pokemon/'),1
POST,/trainers/2489/pokemon/,HTTPError('500 Server Error: Internal Server Error for url: http://127.0.0.1:8000/trainers/2489/pokemon/'),1
POST,/trainers/2531/pokemon/,HTTPError('500 Server Error: Internal Server Error for url: http://127.0.0.1:8000/trainers/2531/pokemon/'),1
POST,/trainers/2372/pokemon/,HTTPError('500 Server Error: Internal Server Error for url: http://127.0.0.1:8000/trainers/2372/pokemon/'),1
POST,/trainers/2202/pokemon/,HTTPError('500 Server Error: Internal Server Error for url: http://127.0.0.1:8000/trainers/2202/pokemon/'),1
POST,/trainers/2463/pokemon/,HTTPError('500 Server Error: Internal Server Error for url: http://127.0.0.1:8000/trainers/2463/pokemon/'),1
POST,/trainers/2504/pokemon/,HTTPError('500 Server Error: Internal Server Error for url: http://127.0.0.1:8000/trainers/2504/pokemon/'),1
POST,/trainers/2345/pokemon/,HTTPError('500 Server Error: Internal Server Error for url: http://127.0.0.1:8000/trainers/2345/pokemon/'),1
POST,/trainers/2584/pokemon/,HTTPError('500 Server Error: Internal Server Error for url: http://127.0.0.1:8000/trainers/2584/pokemon/'),1
POST,/trainers/2323/pokemon/,HTTPError('500 Server Error: Internal Server Error for url: http://127.0.0.1:8000/trainers/2323/pokemon/'),1
POST,/trainers/2348/pokemon/,HTTPError('500 Server Error: Internal Server Error for url: http://127.0.0.1:8000/trainers/2348/pokemon/'),1
POST,/trainers/2367/pokemon/,HTTPError('500 Server Error: Internal Server Error for url: http://127.0.0.1:8000/trainers/2367/pokemon/'),1
POST,/trainers/2325/pokemon/,HTTPError('500 Server Error: Internal Server Error for url: http://127.0.0.1:8000/trainers/2325/pokemon/'),1
POST,/trainers/2461/pokemon/,HTTPError('500 Server Error: Internal Server Error for url: http://127.0.0.1:8000/trainers/2461/pokemon/'),1
POST,/trainers/2417/pokemon/,HTTPError('500 Server Error: Internal Server Error for url: http://127.0.0.1:8000/trainers/2417/pokemon/'),1
POST,/trainers/2510/pokemon/,HTTPError('500 Server Error: Internal Server Error for url: http://127.0.0.1:8000/trainers/2510/pokemon/'),1
POST,/trainers/2183/pokemon/,HTTPError('500 Server Error: Internal Server Error for url: http://127.0.0.1:8000/trainers/2183/pokemon/'),1
POST,/trainers/2422/pokemon/,HTTPError('500 Server Error: Internal Server Error for url: http://127.0.0.1:8000/trainers/2422/pokemon/'),1
POST,/trainers/1979/pokemon/,HTTPError('500 Server Error: Internal Server Error for url: http://127.0.0.1:8000/trainers/1979/pokemon/'),1
POST,/trainers/2490/pokemon/,HTTPError('500 Server Error: Internal Server Error for url: http://127.0.0.1:8000/trainers/2490/pokemon/'),1
